time (s),temp0,temp1,temp2,temp3,temp4,temp5,temp6,alpha value:,3.38E-05
,,,,,,,,,
0,326.0761823,306.9773563,296.6590914,290.9648015,287.7133256,286.1509839,285.0920859,,
1.37,324.2479508,307.906756,297.1463233,291.2221378,287.8915218,286.2037584,285.2038155,,
2.75,322.5121182,308.3162356,297.3731192,291.3421981,287.9735782,286.2294814,285.254249,,
4.12,320.878947,308.5953552,297.5670002,291.4455998,288.0414392,286.2544964,285.2932729,,
5.5,319.3165363,308.7803033,297.7574812,291.5483194,288.1059826,286.2822636,285.32748,,
6.87,317.841423,308.8806008,297.9458751,291.6517544,288.1688386,286.3123866,285.3583912,,
8.24,316.4368795,308.9080359,298.1321457,291.7570677,288.231353,286.3445558,285.3871784,,
9.62,315.0889005,308.8716528,298.3149272,291.8649675,288.2943991,286.3785675,285.4145286,,
10.99,313.8130199,308.7807759,298.4888821,291.9736843,288.3573179,286.4135881,285.4403479,,
12.36,312.5956456,308.6431904,298.6530731,292.0837146,288.4207359,286.4496152,285.4650406,,
13.74,311.4252213,308.4643722,298.8067769,292.1955203,288.4852396,286.4867441,285.4889216,,
15.11,310.3156911,308.252978,298.9464502,292.3070638,288.5499701,286.5243057,285.5117581,,
16.48,309.2556064,308.0130909,299.0723722,292.4186889,288.6154346,286.5624683,285.5338194,,
17.86,308.2351687,307.7472583,299.1847874,292.530713,288.6821319,286.6014412,285.5553396,,
19.23,307.2667601,307.4633046,299.2818433,292.6410088,288.7490814,286.6406011,285.5760789,,
20.61,306.333974,307.1605644,299.3649704,292.7506852,288.8172221,286.6804727,285.5964068,,
21.98,305.4482246,306.8464179,299.4331619,292.8576776,288.8855061,286.7204408,285.6160897,,
23.35,304.6006384,306.5213128,299.4874093,292.9623451,288.9543455,286.7607617,285.6353337,,
24.73,303.7835772,306.1850357,299.5284015,293.065017,289.0241515,286.8017064,285.6543284,,
26.1,303.007134,305.8444309,299.5560627,293.1638404,289.0938019,286.842657,285.6728489,,
27.47,302.263619,305.4987971,299.5713057,293.2592508,289.1636801,286.8838859,285.6910814,,
28.85,301.5463983,305.1470638,299.5747139,293.3516278,289.2341678,286.9256741,285.7092005,,
30.22,300.8643951,304.7956331,299.566861,293.4393979,289.3041081,286.9673922,285.7269854,,
31.6,300.2062474,304.4405225,299.5482692,293.5236469,289.3743819,287.0096245,285.7447349,,
32.97,299.5801756,304.0878686,299.5198372,293.6029985,289.4438313,287.0517324,285.7622277,,
34.34,298.9800666,303.7359571,299.4820858,293.6779598,289.5128287,287.0939935,285.779626,,
35.72,298.4006319,303.3829814,299.4352499,293.7489424,289.5817362,287.1366877,285.7970864,,
37.09,297.8491452,303.0347067,299.3805995,293.8148604,289.6494232,287.1791645,285.8143835,,
38.46,297.3202579,302.6891274,299.3183943,293.8762146,289.716266,287.2216993,285.8316685,,
39.84,296.8093365,302.3442389,299.2486515,293.9333965,289.782622,287.2645677,285.8490897,,
41.21,296.322822,302.0054563,299.172909,293.9855922,289.8474161,287.3071117,285.866414,,
42.59,295.8526869,301.6681938,299.0905697,294.0335975,289.9114872,287.349914,285.8839109,,
43.96,295.4048733,301.3376422,299.0033066,294.0767668,289.9738084,287.3923153,285.901341,,
45.33,294.9750792,301.0115969,298.9109974,294.115528,290.0347587,287.4345867,285.9188421,,
46.71,294.55957,300.6879427,298.8133485,294.1501924,290.0946846,287.476995,285.936552,,
48.08,294.1636153,300.3715471,298.7121843,294.180344,290.1526433,287.5188853,285.9542205,,
49.45,293.7834305,300.0601901,298.6071978,294.2063444,290.2090082,287.5605259,285.9719802,,
50.83,293.4157259,299.7517698,298.4979483,294.2284408,290.2641135,287.6021778,285.989964,,
52.2,293.0651796,299.4508447,298.3863628,294.2464211,290.3171092,287.6431983,286.0079117,,
53.58,292.7260479,299.1530881,298.2711388,294.2606617,290.368724,287.6841473,286.0260835,,
54.95,292.4026539,298.8628606,298.1542503,294.2710727,290.4181721,287.7243939,286.0442131,,
56.32,292.0919293,298.5780122,298.0351555,294.2778893,290.4658031,287.7642,286.0624268,,
57.7,291.7912026,298.2965344,297.9132306,294.2812437,290.5119196,287.8038159,286.0808522,,
59.07,291.504318,298.0225038,297.7904931,294.2812091,290.5558341,287.8426335,286.0992147,,
60.45,291.2265919,297.751905,297.6653881,294.2779086,290.5981738,287.881187,286.1177733,,
61.82,290.9615805,297.4886335,297.5399481,294.2715123,290.6383166,287.9188866,286.1362493,,
63.19,290.7067867,297.2306737,297.4134752,294.2621289,290.6765723,287.9559846,286.154766,,
64.57,290.4600322,296.9761568,297.2852272,294.2497785,290.7132,287.9927175,286.1734474,,
65.94,290.2244846,296.7287203,297.1572411,294.2347593,290.7476735,288.0285269,286.1920104,,
67.31,289.9979327,296.4864434,297.0287554,294.2171089,290.7802735,288.0636572,286.2105774,,
68.69,289.778446,296.2475509,296.8989821,294.1967859,290.8112293,288.0983346,286.2292703,,
70.06,289.5688488,296.0154373,296.7699457,294.1741982,290.8401071,288.1320357,286.2478045,,
71.44,289.3657372,295.7866418,296.6398967,294.149128,290.8673467,288.1652331,286.2664362,,
72.81,289.1717287,295.564405,296.5108436,294.1220471,290.8925735,288.1974283,286.2848809,,
74.18,288.9850133,295.3469736,296.3819576,294.092887,290.9160142,288.2288486,286.3032596,,
75.56,288.8040078,295.1327324,296.2524063,294.0615158,290.9378454,288.2597006,286.3216909,,
76.93,288.6310502,294.9247042,296.1241652,294.0284883,290.9577772,288.2895245,286.3398932,,
78.31,288.4633401,294.7197677,295.9954529,293.9934206,290.9761293,288.3187443,286.3581176,,
79.68,288.3030469,294.5208082,295.8682179,293.9569152,290.9926654,288.3469269,286.3760855,,
81.05,288.1486838,294.326239,295.7416015,293.9188152,291.0075555,288.3742788,286.3939156,,
82.42,288.0000131,294.1359748,295.6156732,293.8792087,291.0208315,288.4007931,286.4115938,,
83.8,287.8557813,293.9485868,295.489586,293.8378762,291.0326059,288.4266486,286.4292338,,
85.17,287.7178596,293.7667047,295.3652258,293.7954994,291.0427418,288.4514662,286.4465666,,
86.55,287.5840224,293.5875862,295.2408309,293.7515402,291.0514218,288.4756052,286.4638322,,
87.92,287.4560085,293.4137413,295.1182527,293.7067127,291.0585551,288.4987137,286.4807676,,
89.3,287.3317547,293.2425461,294.995746,293.6604372,291.0642814,288.5211282,286.4976077,,
90.67,287.2128772,293.0763969,294.8751261,293.613456,291.0685533,288.5425241,286.5140968,,
92.04,287.0982835,292.9139559,294.7555369,293.5655058,291.0714531,288.5630682,286.5303462,,
93.42,286.9870135,292.7539943,294.6361491,293.5162925,291.0730228,288.5829032,286.5464611,,
94.79,286.8805178,292.5987485,294.5187214,293.466593,291.0732755,288.6017446,286.5621974,,
96.17,286.7770846,292.4458703,294.4015648,293.4157431,291.0722509,288.6198715,286.5777748,,
97.54,286.6780642,292.2974955,294.2863995,293.3645382,291.0699995,288.6370256,286.592958,,
98.92,286.5818667,292.1513785,294.1715637,293.3122876,291.066524,288.6534629,286.6079597,,
100.29,286.4897496,292.0095598,294.0587382,293.2598021,291.0619099,288.668951,286.6225538,,
101.66,286.4008726,291.8708926,293.9471006,293.2067568,291.0561708,288.6836189,286.6368423,,
103.04,286.3144961,291.7343242,293.8358612,293.1528078,291.0492872,288.6975719,286.6509185,,
104.41,286.231751,291.6017603,293.7266418,293.0987843,291.0413926,288.7106155,286.6645713,,
105.79,286.1513127,291.4711928,293.6178556,293.043943,291.0324058,288.7229486,286.6779935,,
107.16,286.0742361,291.3444432,293.5110852,292.9891219,291.0224899,288.7344011,286.6909845,,
108.53,285.9998221,291.2204859,293.4055418,292.933966,291.0116159,288.7450745,286.7036372,,
109.91,285.9274539,291.0983783,293.3004712,292.8781086,290.9997261,288.7550477,286.7160351,,
111.28,285.8580825,290.9798236,293.1973971,292.8223966,290.9870243,288.7641862,286.7279938,,
112.66,285.7906002,290.8630252,293.0948145,292.7660529,290.973356,288.7726337,286.7396837,,
114.03,285.7258949,290.7496121,292.9942084,292.7099281,290.9589499,288.7802783,286.7509316,,
115.4,285.663383,290.6386666,292.8948284,292.6536469,290.9437392,288.7871947,286.7618201,,
116.78,285.6025488,290.5293446,292.7959585,292.596828,290.9276336,288.7934364,286.7724218,,
118.15,285.5441941,290.4231709,292.6990269,292.5403242,290.9108949,288.7989243,286.7825806,,
119.53,285.4873898,290.3185366,292.6026127,292.4833387,290.8933067,288.8037498,286.7924426,,
120.9,285.4328857,290.2169014,292.5081066,292.4267241,290.8751512,288.8078547,286.8018631,,
122.28,285.379815,290.1167255,292.4141215,292.3696793,290.8561902,288.8113106,286.8109783,,
123.65,285.328879,290.0194064,292.3220115,292.3130549,290.8367244,288.8140792,286.819655,,
125.02,285.2796222,289.9241578,292.2310824,292.2564602,290.8166439,288.8161998,286.82796,,
126.4,285.2316404,289.8302551,292.1406743,292.199504,290.7958203,288.8176928,286.8359495,,
127.77,285.1855692,289.7390087,292.0520875,292.1430322,290.7745795,288.8185485,286.8435076,,
129.15,285.1406777,289.6490371,291.9640184,292.0862397,290.752635,288.8187914,286.850745,,
130.52,285.0975614,289.5615961,291.8777327,292.0299679,290.7303276,288.8184302,286.8575574,,
131.9,285.055537,289.475362,291.7919594,291.9734127,290.7073542,288.8174716,286.8640451,,
133.27,285.0151625,289.391539,291.7079302,291.9174098,290.6840694,288.8159415,286.8701152,,
134.64,284.9760798,289.3094514,291.6250077,291.8615644,290.6603293,288.813847,286.8758174,,
136.02,284.9379701,289.2284755,291.5425868,291.8054848,290.6359762,288.8111787,286.8811909,,
137.39,284.9013405,289.1497425,291.4618495,291.7499976,290.611383,288.807987,286.8861599,,
138.77,284.8656123,289.0720616,291.3816047,291.6943056,290.5862101,288.8042374,286.8907988,,
140.14,284.8312614,288.9965183,291.3030027,291.6392278,290.5608411,288.7999959,286.8950428,,
141.51,284.7979848,288.9225053,291.2254454,291.5843711,290.535113,288.7952488,286.8989293,,
142.89,284.7655124,288.8494606,291.148365,291.5293482,290.508852,288.7899676,286.9024855,,
144.26,284.7342776,288.7784058,291.0728657,291.4749664,290.4824557,288.7842403,286.9056627,,
145.64,284.7037884,288.7082671,290.9978321,291.420441,290.4555556,288.7779948,286.9085102,,
147.01,284.6744523,288.6400259,290.9243383,291.3665708,290.4285577,288.7713328,286.9109902,,
148.38,284.6460119,288.5731346,290.851824,291.3129678,290.4012835,288.7642219,286.9131277,,
149.76,284.6182376,288.5070863,290.7797572,291.2592511,290.3735463,288.7566164,286.9149381,,
151.13,284.5915012,288.4428057,290.7091692,291.2062061,290.3457627,288.7486374,286.9163989,,
152.51,284.5653826,288.3793223,290.639016,291.1530648,290.3175414,288.7401792,286.9175351,,
153.88,284.5402323,288.3175255,290.5703013,291.1006033,290.2893052,288.7313751,286.918334,,
155.25,284.5158308,288.2569208,290.5025001,291.0484407,290.2608636,288.7221757,286.9188091,,
156.63,284.491982,288.1970496,290.4351144,290.9962047,290.2320197,288.71252,286.9189643,,
158,284.4690062,288.1387511,290.3691078,290.9446568,290.2032039,288.7025581,286.9188016,,
159.38,284.4465435,288.0811462,290.3035035,290.8930486,290.1740079,288.6921548,286.9183227,,
160.75,284.4248962,288.0250428,290.2392393,290.8421319,290.1448662,288.6814707,286.9175389,,
162.13,284.4037255,287.9695954,290.1753643,290.7911667,290.115365,288.6703598,286.9164432,,
163.5,284.3833167,287.9155821,290.1127913,290.7408947,290.0859425,288.6589926,286.9150558,,
164.88,284.3633507,287.8621892,290.0505943,290.6905847,290.0561799,288.6472129,286.9133611,,
166.25,284.3440968,287.8101663,289.989662,290.6409682,290.0265187,288.6352006,286.911388,,
167.62,284.3253891,287.7590993,289.9295285,290.5916815,289.9967534,288.6228807,286.90913,,
169,284.3070784,287.708603,289.8697512,290.5423703,289.9666751,288.610169,286.9065719,,
170.37,284.289412,287.6593868,289.8111843,290.4937508,289.9367288,288.5972585,286.9037555,,
171.75,284.2721147,287.6107103,289.7529607,290.4451144,289.9064864,288.5839695,286.9006444,,
173.12,284.2554206,287.5632577,289.6959123,290.3971672,289.8763944,288.5705032,286.8972883,,
174.49,284.2391866,287.5166525,289.6396027,290.3495561,289.8462424,288.5567726,286.8936702,,
175.87,284.2232837,287.4705438,289.5836174,290.301938,289.8158174,288.542683,286.8897657,,
177.24,284.2079277,287.4255801,289.5287561,290.2550033,289.7855681,288.5284467,286.8856361,,
178.62,284.1928799,287.3810859,289.4742067,290.2080671,289.7550602,288.5138637,286.8812256,,
179.99,284.1783445,287.3376874,289.4207485,290.1618095,289.724743,288.4991533,286.8766031,,
181.37,284.1640961,287.294733,289.3675899,290.1155552,289.6941808,288.4841084,286.8717057,,
182.74,284.1503283,287.2528275,289.3154904,290.069974,289.6638231,288.4689546,286.866609,,
184.11,284.1369241,287.2116399,289.2640516,290.0247291,289.6334548,288.4535909,286.8612831,,
185.49,284.1237778,287.1708609,289.2128947,289.9794934,289.6028603,288.4379101,286.8556914,,
186.86,284.1110684,287.131065,289.1627507,289.9349215,289.5724887,288.4221467,286.8499193,,
188.24,284.0985992,287.0916555,289.1128771,289.8903618,289.5419025,288.4060774,286.8438874,,
189.61,284.0865404,287.0531881,289.0639865,289.8464593,289.5115504,288.3899419,286.8376877,,
190.98,284.07479,287.0153598,289.0157053,289.8028885,289.4812157,288.373631,286.8312817,,
192.36,284.0632558,286.977887,288.967678,289.7593338,289.4506825,288.3570303,286.824625,,
193.73,284.0520954,286.9412986,288.9205908,289.7164251,289.4203979,288.3403867,286.8178186,,
195.11,284.0411365,286.9050463,288.8737466,289.6735346,289.3899247,288.3234637,286.8107676,,
196.48,284.030529,286.8696421,288.8278151,289.6312823,289.3597088,288.3065124,286.8035786,,
197.85,284.0201841,286.8348081,288.7824454,289.5893545,289.3295335,288.2894168,286.7962056,,
199.23,284.0100208,286.8002835,288.7373034,289.5474472,289.2991833,288.2720565,286.7885972,,
200.6,284.0001783,286.7665561,288.6930344,289.5061658,289.2691018,288.2546886,286.7808679,,
201.98,283.9905052,286.7331213,288.6489831,289.464906,289.2388538,288.2370653,286.7729092,,
203.35,283.9811342,286.7004519,288.6057793,289.4242637,289.2088813,288.2194475,286.7648408,,
204.72,283.9719873,286.6682922,288.5630935,289.3839369,289.1789683,288.2017132,286.7566096,,
206.1,283.9629932,286.6364018,288.5206112,289.3436328,289.1489004,288.183737,286.7481581,,
207.47,283.9542755,286.6052319,288.47894,289.3039333,289.1191167,288.1657844,286.7396127,,
208.85,283.9457005,286.5743167,288.4374632,289.2642567,289.0891854,288.1475985,286.7308529,,
210.22,283.9373862,286.5440939,288.3967741,289.2251761,289.0595432,288.1294477,286.7220096,,
211.6,283.9292051,286.5141121,288.3562706,289.1861187,289.0297602,288.1110717,286.7129577,,
212.97,283.92127,286.4847959,288.3165321,289.1476483,289.0002707,288.0927416,286.7038323,,
214.34,283.9135153,286.4559169,288.277256,289.1094785,288.9708612,288.0743291,286.6945721,,
215.72,283.905881,286.4272597,288.2381529,289.0713319,288.9413203,288.0557033,286.685112,,
217.09,283.8984725,286.3992304,288.1997824,289.033759,288.9120785,288.0371385,286.6755927,,
218.47,283.8911764,286.3714109,288.161577,288.9962089,288.8827111,288.0183679,286.665879,,
219.84,283.8840937,286.3441957,288.1240834,288.9592235,288.8536459,287.9996677,286.6561154,,
221.21,283.8771662,286.3173734,288.0870162,288.9225274,288.8246717,287.9809062,286.6462354,,
222.59,283.8703404,286.290744,288.0501027,288.8858534,288.79558,287.9619496,286.6361694,,
223.96,283.8637108,286.2646857,288.0138712,288.8497309,288.7667943,287.9430766,286.6260666,,
225.34,283.8571764,286.2388099,287.9777861,288.8136299,288.7378961,287.9240153,286.6157831,,
226.71,283.8508277,286.2134842,287.9423639,288.7780714,288.7093058,287.9050458,286.6054712,,
228.09,283.844568,286.1883312,287.9070811,288.7425338,288.6806076,287.8858947,286.5949839,,
229.46,283.8384842,286.1637083,287.8724429,288.7075299,288.652219,287.8668429,286.5844763,,
230.83,283.8325267,286.1394248,287.8381859,288.6727986,288.6239331,287.8477553,286.5738762,,
232.21,283.8266499,286.1153003,287.8040585,288.6380872,288.5955458,287.8284954,286.5631082,,
233.58,283.8209353,286.0916776,287.7705491,288.6038962,288.5674698,287.8093457,286.5523315,,
234.96,283.8152962,286.0682052,287.7371628,288.5697241,288.5392966,287.7900296,286.541392,,
236.33,283.8098111,286.045217,287.7043778,288.5360639,288.5114354,287.7708302,286.5304513,,
237.7,283.8044355,286.0225355,287.6719452,288.5026645,288.4836829,287.7516106,286.5194332,,
239.08,283.7991283,285.9999922,287.6396268,288.4692827,288.4558386,287.7322332,286.5082596,,
240.45,283.7939635,285.977908,287.6078853,288.4363999,288.428307,287.7129817,286.4970951,,
241.83,283.7888627,285.9559547,287.5762523,288.4035336,288.4006872,287.6935777,286.4857797,,
243.2,283.7838972,285.9344446,287.5451808,288.3711579,288.3733802,287.6743053,286.47448,,
244.57,283.779027,285.9132122,287.5144354,288.3390314,288.3461863,287.6550263,286.4631172,,
245.95,283.7742149,285.8921001,287.4837902,288.30692,288.3189089,287.6356027,286.4516102,,
247.32,283.7695282,285.871409,287.4536845,288.2752867,288.291944,287.6163183,286.4401284,,
248.7,283.764896,285.8508317,287.4236739,288.2436675,288.2648986,287.5968941,286.4285069,,
250.07,283.7603831,285.8306612,287.3941885,288.2125184,288.2381653,287.5776139,286.4169165,,
251.45,283.7559213,285.8105984,287.3647932,288.1813822,288.2113543,287.5581985,286.4051905,,
252.82,283.7515731,285.790929,287.3359095,288.150708,288.1848547,287.5389317,286.3935014,,
254.19,283.7473037,285.7715022,287.3073188,288.1202672,288.1584722,287.5196747,286.3817667,,
255.57,283.7430807,285.7521742,287.2788113,288.0898378,288.1320159,287.5002893,286.3699026,,
256.94,283.7389634,285.7332207,287.2507957,288.0598586,288.1058697,287.4810584,286.3580834,,
258.32,283.7348896,285.7143606,287.2228587,288.0298898,288.0796521,287.4617033,286.3461388,,
259.69,283.7309165,285.695863,287.1954012,288.0003636,288.0537435,287.4425065,286.334244,,
261.06,283.7270125,285.6775863,287.1682156,287.9710598,288.0279537,287.4233295,286.3223149,,
262.44,283.7231481,285.6593953,287.1411023,287.9417649,288.002096,287.4040343,286.310266,,
263.81,283.7193777,285.6415499,287.1144505,287.9129012,287.9765453,287.3849024,286.2982741,,
265.19,283.7156443,285.6237854,287.0878671,287.8840454,287.9509288,287.3656562,286.2861662,,
266.56,283.7120007,285.6063557,287.0617335,287.8556135,287.9256179,287.3465763,286.2741198,,
267.94,283.7083919,285.5890026,287.0356646,287.8271884,287.9002432,287.3273859,286.2619609,,
269.31,283.7048688,285.5719738,287.0100344,287.79918,287.8751725,287.3083645,286.2498676,,
270.68,283.7014036,285.5551395,286.9846496,287.7713796,287.8502216,287.2893746,286.2377538,,
272.06,283.6979701,285.5383755,286.959324,287.7435844,287.8252097,287.2702794,286.2255327,,
273.43,283.6946167,285.5219212,286.9344213,287.7161955,287.8004993,287.251357,286.2133832,,
274.81,283.6912932,285.5055333,286.9095743,287.6888108,287.7757297,287.2323326,286.2011296,,
276.18,283.6880463,285.4894459,286.8851399,287.6618255,287.7512598,287.2134834,286.1889513,,
277.55,283.6848506,285.4735365,286.860934,287.6350383,287.7269096,287.1946725,286.1767612,,
278.93,283.681682,285.4576879,286.836779,287.6082541,287.7025026,287.1757644,286.1644718,,
280.3,283.6785854,285.4421268,286.813022,287.5818591,287.6783924,287.1570344,286.1522628,,
281.68,283.6755142,285.4266229,286.7893129,287.5554661,287.654227,287.1382102,286.1399576,,
283.05,283.6725119,285.4113982,286.7659924,287.5294558,287.6303565,287.1195658,286.1277361,,
284.42,283.669555,285.3963368,286.7428848,287.5036344,287.6066051,287.1009657,286.1155104,,
285.8,283.6666214,285.3813279,286.7198208,287.4778136,287.5828005,287.0822758,286.103193,,
287.17,283.6637525,285.3665863,286.6971319,287.452366,287.5592877,287.063768,286.0909636,,
288.55,283.6609054,285.3518941,286.6744839,287.4269183,287.5357232,287.045173,286.0786451,,
289.92,283.6581205,285.3374617,286.6522024,287.4018375,287.5124482,287.0267614,286.0664175,,
291.29,283.6553759,285.3231796,286.6301196,287.3769367,287.4892914,287.0083992,286.0541928,,
292.67,283.6526513,285.3089427,286.608074,287.3520346,287.4660847,286.9899539,286.041883,,
294.04,283.6499852,285.2949548,286.5863824,287.3274903,287.4431643,286.9716935,286.0296679,,
295.42,283.6473378,285.2810095,286.5647254,287.3029439,287.4201953,286.9533524,286.0173704,,
296.79,283.6447466,285.2673065,286.5434145,287.2787493,287.3975102,286.9351973,286.0051698,,
298.17,283.642173,285.2536435,286.522136,287.2545519,287.3747776,286.9169639,285.9928893,,
299.54,283.6396535,285.2402163,286.5011957,287.2307006,287.3523267,286.8989172,285.980708,,
300.91,283.6371686,285.2269233,286.4804366,287.2070179,287.3299921,286.8809256,285.9685379,,
302.29,283.6346996,285.2136667,286.4597066,287.1833312,287.3076115,286.8628592,285.9562915,,
303.66,283.6322818,285.2006367,286.4393038,287.1599822,287.2855091,286.8449804,285.9441472,,
305.04,283.629879,285.1876409,286.4189281,287.1366285,287.2633618,286.8270289,285.9319289,,
306.41,283.6275255,285.1748658,286.3988726,287.113607,287.2414903,286.8092655,285.9198146,,
307.79,283.6251861,285.1621228,286.3788422,287.0905802,287.219575,286.7914314,285.9076284,,
309.16,283.6228941,285.1495947,286.359125,287.0678803,287.197933,286.7737858,285.895548,,
310.53,283.6206319,285.1371869,286.3395732,287.0453383,287.1764048,286.7561998,285.8834859,,
311.91,283.6183825,285.1248084,286.3200438,287.02279,287.1548341,286.7385461,285.871355,,
313.28,283.6161781,285.1126366,286.3008178,287.0005608,287.1335331,286.7210812,285.8593322,,
314.65,283.6140017,285.1005799,286.281751,286.9784852,287.1123448,286.7036774,285.8473303,,
316.03,283.6118369,285.0885496,286.2627039,286.9564025,287.0911152,286.6862088,285.8352627,,
317.4,283.6097148,285.0767185,286.2439508,286.9346312,287.0701518,286.668929,285.8233052,,
318.78,283.6076038,285.0649121,286.2252159,286.9128522,287.049148,286.6515862,285.811284,,
320.15,283.6055339,285.0533,286.2067688,286.8913798,287.0284078,286.6344321,285.799374,,
321.53,283.6034744,285.0417111,286.1883383,286.869899,287.007628,286.6172168,285.7874022,,
322.9,283.6014546,285.0303118,286.1701898,286.84872,286.9871094,286.6001901,285.7755428,,
324.27,283.5994591,285.0190162,286.1521874,286.8276852,286.9667005,286.5832273,285.7637096,,
325.65,283.5974731,285.0077415,286.1341994,286.8066414,286.9462531,286.5662058,285.7518172,,
327.02,283.5955249,284.9966496,286.1164849,286.7858923,286.9260632,286.5493725,285.7400387,,
328.4,283.5935855,284.9855772,286.0987835,286.7651337,286.9058356,286.5324819,285.7282027,,
329.77,283.5916828,284.9746833,286.0813501,286.7446652,286.885863,286.5157792,285.7164814,,
331.14,283.5898021,284.9638861,286.0640543,286.7243346,286.8659979,286.4991421,285.7047896,,
332.52,283.5879294,284.9531063,286.0467697,286.7039939,286.8460961,286.4824499,285.6930427,,
333.89,283.5860917,284.9424989,286.0297452,286.6839366,286.8264456,286.465945,285.6814116,,
335.27,283.5842615,284.9319077,286.0127308,286.6638688,286.806759,286.4493865,285.6697271,,
336.64,283.5824651,284.921485,285.9959714,286.64408,286.7873212,286.4330146,285.658159,,
338.02,283.5806758,284.9110774,285.9792208,286.6242803,286.767848,286.4165907,285.646539,,
339.39,283.5789193,284.9008344,285.9627204,286.6047554,286.7486212,286.4003528,285.635036,,
340.76,283.577182,284.8906792,285.9463469,286.5853603,286.7294987,286.3841819,285.6235661,,
342.14,283.5754513,284.8805374,285.9299806,286.5659537,286.7103417,286.3679608,285.6120465,,
343.51,283.5737518,284.8705548,285.9138573,286.5468158,286.6914274,286.3519248,285.6006445,,
344.89,283.5720585,284.8605846,285.8977404,286.527666,286.6724791,286.33584,285.5891942,,
346.26,283.5703954,284.8507701,285.8818618,286.5087808,286.6537711,286.3199394,285.5778618,,
347.63,283.56875,284.8410377,285.8661032,286.4900199,286.6351651,286.3041065,285.5665648,,
349.01,283.5671102,284.8313162,285.8503494,286.4712467,286.616526,286.2882266,285.5552214,,
350.38,283.5654993,284.8217455,285.8348275,286.4527322,286.5981235,286.2725298,285.5439963,,
351.76,283.5638936,284.8121847,285.8193095,286.4342051,286.5796884,286.256787,285.5327262,,
353.13,283.5623162,284.8027715,285.8040191,286.4159329,286.5614874,286.2412266,285.5215747,,
354.5,283.5607549,284.7934354,285.7888422,286.3977799,286.5433861,286.2257342,285.5104603,,
355.88,283.5591983,284.7841079,285.773668,286.3796139,286.5252531,286.2101976,285.4993026,,
357.25,283.5576687,284.7749233,285.7587153,286.3616972,286.5073506,286.1948419,285.4882637,,
358.63,283.5561436,284.7657467,285.7437645,286.3437672,286.4894168,286.179443,285.4771827,,
360,283.5546447,284.7567101,285.7290312,286.3260828,286.4717111,286.164224,285.4662204,,
361.38,283.5531499,284.7476807,285.714299,286.308385,286.4539747,286.1489629,285.4552171,,
362.75,283.5516806,284.7387883,285.6997805,286.2909292,286.4364639,286.1338809,285.4443326,,
364.12,283.5502258,284.7299666,285.6853673,286.2735859,286.4190496,286.1188669,285.4334873,,
365.5,283.5487747,284.721151,285.6709542,286.2562289,286.4016052,286.1038123,285.4226025,,
366.87,283.5473482,284.7124684,285.6567492,286.2391086,286.384383,286.0889351,285.4118364,,
368.25,283.5459251,284.7037912,285.6425437,286.2219744,286.3671312,286.0740182,285.401032,,
369.62,283.5445259,284.6952444,285.6285425,286.2050737,286.3500992,286.0592776,285.390346,,
370.99,283.54314,284.6867641,285.6146414,286.1882809,286.3331613,286.044605,285.3797003,,
372.37,283.5417572,284.6782884,285.6007389,286.1714739,286.3161944,286.029894,285.3690177,,
373.74,283.5403975,284.6699392,285.5870356,286.1548954,286.2994439,286.0153578,285.3584533,,
375.12,283.5390406,284.6615939,285.5733303,286.1383025,286.2826648,286.000784,285.3478529,,
376.49,283.5377062,284.6533728,285.5598208,286.1219349,286.2660998,285.9863838,285.3373705,,
377.86,283.5363841,284.6452144,285.5464064,286.105671,286.2496266,285.9720512,285.3269292,,
379.24,283.5350646,284.6370591,285.5329892,286.0893925,286.2331253,285.9576823,285.3164533,,
380.61,283.5337666,284.6290244,285.519763,286.0733346,286.2168348,285.9434853,285.3060948,,
381.99,283.5324711,284.6209924,285.5065335,286.0572619,286.2005167,285.9292528,285.2957027,,
383.36,283.5311967,284.6130787,285.4934916,286.0414067,286.184407,285.9151909,285.2854277,,
384.73,283.5299337,284.6052243,285.4805404,286.0256512,286.1683867,285.9011962,285.2751943,,
386.11,283.5286728,284.5973717,285.4675852,286.0098809,286.1523394,285.8871671,285.2649286,,
387.48,283.5274323,284.5896343,285.4548131,285.9943235,286.1364973,285.8733068,285.2547793,,
388.86,283.5261938,284.5818983,285.4420367,285.9787511,286.1206285,285.8594129,285.2445985,,
390.23,283.5249751,284.5742753,285.4294404,285.9633886,286.1049625,285.8456866,285.2345336,,
391.6,283.523767,284.5667084,285.4169304,285.9481222,286.0893837,285.8320269,285.2245109,,
392.98,283.5225607,284.5591423,285.4044155,285.9328407,286.0737788,285.8183345,285.2144578,,
394.35,283.5213736,284.5516862,285.3920763,285.9177649,286.0583736,285.8048079,285.2045199,,
395.73,283.5201881,284.5442306,285.3797319,285.9026739,286.0429425,285.7912494,285.1945524,,
397.1,283.5190213,284.5368829,285.3675604,285.8877857,286.027709,285.7778553,285.1846996,,
398.47,283.5178645,284.5295883,285.3554713,285.87299,286.0125603,285.764527,285.1748892,,
399.85,283.5167091,284.5222937,285.3433765,285.8581791,285.9973864,285.7511678,285.1650502,,
401.22,283.5155717,284.5151043,285.3314505,285.8435669,285.9824067,285.7379711,285.1553252,,
402.6,283.5144357,284.5079144,285.3195184,285.8289394,285.9674021,285.7247441,285.1455722,,
403.97,283.5133174,284.5008278,285.3077525,285.8145079,285.9525897,285.7116784,285.1359325,,
405.34,283.5122084,284.4937917,285.2960653,285.8001655,285.9378599,285.6986776,285.1263354,,
406.72,283.5111005,284.4867548,285.2843717,285.7858078,285.9231057,285.6856474,285.1167113,,
408.09,283.5100097,284.4798184,285.2728403,285.7716422,285.9085405,285.6727765,285.1071997,,
409.46,283.5089279,284.4729311,285.2613856,285.7575636,285.8940566,285.65997,285.0977306,,
410.84,283.5078471,284.4660424,285.249924,285.7434698,285.8795489,285.647135,285.0882355,,
412.21,283.5067828,284.4592519,285.2386211,285.7295642,285.865227,285.6344573,285.0788519,,
413.59,283.5057195,284.4524598,285.227311,285.7156432,285.8508815,285.6217515,285.0694428,,
414.96,283.5046723,284.4457641,285.2161572,285.701908,285.8367199,285.6092018,285.0601445,,
416.33,283.5036336,284.439115,285.2050766,285.6882568,285.8226374,285.5967155,285.0508887,,
417.71,283.5025956,284.432464,285.1939886,285.6745902,285.8085319,285.5842021,285.0416083,,
419.08,283.5015733,284.425907,285.1830533,285.6611057,285.7946071,285.5718426,285.0324378,,
420.46,283.5005517,284.419348,285.1721104,285.6476059,285.7806595,285.5594565,285.0232431,,
421.83,283.4995456,284.4128814,285.1613179,285.6342858,285.7668907,285.547223,285.0141576,,
423.2,283.4985473,284.4064592,285.1505956,285.6210467,285.753199,285.5350519,285.0051144,,
424.58,283.4975496,284.4000345,285.1398655,285.6077922,285.7394849,285.522855,284.9960479,,
425.95,283.4965668,284.3937001,285.1292823,285.594714,285.7259467,285.5108086,284.9870894,,
427.33,283.4955845,284.3873631,285.1186912,285.5816204,285.7123863,285.4987369,284.9781081,,
428.7,283.4946169,284.3811149,285.1082449,285.5687007,285.6989999,285.4868144,284.9692342,,
430.07,283.4936567,284.374909,285.097866,285.5558593,285.6856886,285.4749534,284.9604023,,
431.45,283.4926968,284.3687002,285.0874788,285.5430025,285.6723554,285.4630675,284.9515483,,
432.82,283.4917513,284.3625781,285.0772333,285.5303163,285.6591934,285.451329,284.9428005,,
434.19,283.4908128,284.3564971,285.0670535,285.5177066,285.6461052,285.4396512,284.9340945,,
435.57,283.4898747,284.350413,285.0568652,285.5050817,285.6329956,285.4279493,284.9253672,,
436.94,283.4889504,284.3444136,285.0468156,285.4926241,285.6200543,285.4163927,284.9167449,,
438.32,283.4880264,284.3384109,285.0367575,285.4801513,285.607092,285.4048125,284.9081017,,
439.69,283.4871159,284.3324915,285.026836,285.4678436,285.594296,285.3933762,284.8995627,,
441.06,283.4862122,284.3266115,285.0169776,285.4556098,285.5815719,285.3819995,284.8910652,,
442.44,283.4853086,284.3207279,285.0071104,285.4433609,285.568827,285.3705998,284.8825474,,
443.81,283.4844183,284.3149258,284.997377,285.431274,285.5562458,285.359342,284.8741326,,
445.19,283.483528,284.3091201,284.9876348,285.419172,285.5436442,285.3480616,284.865698,,
446.56,283.4826507,284.3033945,284.9780245,285.40723,285.5312044,285.3369218,284.8573658,,
447.93,283.4817798,284.2977066,284.9684748,285.3953593,285.5188344,285.3258405,284.8490744,,
449.31,283.480909,284.2920148,284.9589161,285.3834737,285.5064444,285.3147371,284.8407638,,
450.68,283.4800507,284.2864015,284.9494866,285.371745,285.4942135,285.3037724,284.8325542,,
452.06,283.4791925,284.2807842,284.940048,285.3600013,285.4819629,285.292786,284.8243258,,
453.43,283.4783466,284.2752442,284.9307368,285.3484126,285.4698695,285.2819369,284.8161977,,
454.8,283.4775068,284.2697402,284.9214838,285.3368928,285.4578442,285.271145,284.8081099,,
456.18,283.476667,284.2642321,284.9122217,285.3253584,285.4457993,285.2603321,284.8000039,,
457.55,283.4758392,284.2587995,284.9030843,285.3139758,285.4339092,285.2496544,284.7919968,,
458.93,283.4750113,284.2533628,284.8939377,285.3025786,285.422,285.238956,284.7839719,,
460.3,283.4741952,284.2480004,284.8849141,285.2913314,285.4102437,285.2283917,284.7760451,,
461.68,283.473379,284.2426339,284.8758813,285.2800695,285.3984684,285.2178069,284.7681008,,
463.05,283.4725745,284.2373406,284.8669698,285.2689559,285.3868444,285.2073548,284.7602539,,
464.42,283.4717756,284.2320813,284.8581136,285.2579081,285.3752858,285.1969583,284.7524465,,
465.8,283.4709765,284.2268177,284.849248,285.2468458,285.3637086,285.1865419,284.744622,,
467.17,283.4701888,284.2216257,284.8405013,285.2359289,285.3522801,285.1762563,284.7368937,,
468.55,283.4694009,284.2164294,284.8317453,285.2249976,285.3408333,285.1659511,284.7291486,,
469.92,283.4686241,284.2113038,284.8231066,285.2142099,285.3295335,285.1557754,284.7214988,,
471.29,283.4678527,284.2062107,284.814521,285.2034859,285.3182973,285.145654,284.713888,,
472.67,283.467081,284.2011132,284.8059261,285.1927476,285.3070431,285.1355135,284.7062609,,
474.04,283.4663203,284.1960848,284.797446,285.1821503,285.2959335,285.1255006,284.6987279,,
475.42,283.4655592,284.191052,284.7889567,285.1715387,285.284806,285.1154689,284.6911788,,
476.79,283.4648089,284.1860872,284.7805807,285.1610664,285.2738215,285.1055635,284.683723,,
478.16,283.4640636,284.1811538,284.7722559,285.1506557,285.2628989,285.0957112,284.6763055,,
479.54,283.4633181,284.1762159,284.7639218,285.140231,285.2519588,285.0858405,284.6688724,,
480.91,283.462583,284.1713446,284.7556988,285.1299429,285.2411592,285.0760943,284.6615313,,
482.29,283.4618476,284.1664688,284.7474664,285.1196408,285.2303424,285.0663299,284.6541749,,
483.66,283.4611224,284.1616587,284.7393437,285.1094737,285.2196646,285.0566888,284.6469097,,
485.03,283.4604021,284.1568787,284.7312704,285.0993662,285.2090469,285.0470995,284.639682,,
486.41,283.4596815,284.1520941,284.7231877,285.089245,285.1984122,285.0374926,284.6324395,,
487.78,283.4589709,284.1473739,284.7152126,285.0792562,285.1879142,285.028007,284.625287,,
489.15,283.4582651,284.1426832,284.7072857,285.069326,285.1774754,285.0185726,284.6181715,,
490.53,283.4575588,284.1379877,284.6993496,285.0593821,285.1670198,285.009121,284.6110416,,
491.9,283.4568624,284.1333553,284.6915189,285.0495683,285.1566987,284.9997888,284.6040004,,
493.28,283.4561655,284.1287182,284.6836788,285.0397409,285.146361,284.9904395,284.596945,,
494.65,283.4554783,284.1241434,284.6759428,285.030042,285.1361563,284.9812085,284.5899774,,
496.02,283.4547957,284.1195968,284.6682534,285.0203998,285.1260091,284.9720276,284.5830462,,
497.4,283.4541126,284.1150455,284.6605548,285.0107441,285.1158456,284.96283,284.5761012,,
498.77,283.4534389,284.1105552,284.6529581,285.0012147,285.1058128,284.9537488,284.5692428,,
500.15,283.4527648,284.1060601,284.6453522,284.9916718,285.095764,284.9446512,284.5623708,,
501.52,283.4521,284.1016252,284.637847,284.9822537,285.0858444,284.9356688,284.5555845,,
502.89,283.4514396,284.0972175,284.6303869,284.9728904,285.0759807,284.9267353,284.548834,,
504.27,283.4507786,284.092805,284.6229175,284.963514,285.0661013,284.9177857,284.5420702,,
505.64,283.4501268,284.0884515,284.6155469,284.95426,285.0563489,284.9089496,284.535391,,
507.02,283.4494744,284.0840932,284.6081672,284.9449928,285.0465809,284.9000977,284.5286987,,
508.39,283.448831,284.0797931,284.6008849,284.9358466,285.0369386,284.891358,284.5220901,,
509.76,283.4481918,284.0755192,284.5936462,284.9267537,285.0273506,284.882666,284.5155166,,
511.14,283.4475521,284.0712405,284.5863983,284.9176478,285.0177473,284.8739585,284.5089303,,
512.51,283.4469211,284.0670189,284.5792461,284.9086606,285.0082676,284.8653615,284.5024265,,
513.89,283.4462896,284.0627924,284.5720849,284.8996606,284.9987727,284.8567493,284.4959102,,
515.26,283.4456668,284.0586222,284.565018,284.890778,284.9893999,284.8482464,284.4894756,,
516.63,283.4450479,284.0544774,284.5579932,284.8819469,284.98008,284.8397901,284.4830753,,
518.01,283.4444285,284.0503277,284.5509594,284.8731032,284.9707452,284.8313188,284.4766628,,
519.38,283.4438176,284.0462332,284.5440183,284.8643747,284.9615305,284.8229552,284.4703308,,
520.76,283.4432061,284.0421339,284.5370682,284.8556336,284.9523011,284.8145768,284.4639867,,
522.13,283.4426029,284.0380891,284.5302096,284.8470064,284.9431905,284.806305,284.4577224,,
523.5,283.4420036,284.0340687,284.5233916,284.8384292,284.9341312,284.7980785,284.4514916,,
524.88,283.4414037,284.0300435,284.5165648,284.8298396,284.9250575,284.7898376,284.445249,,
526.25,283.440812,284.0260717,284.5098277,284.8213618,284.9161005,284.7817015,284.439085,,
527.63,283.4402197,284.0220951,284.5030818,284.8128717,284.9071292,284.7735513,284.4329094,,
529,283.4396354,284.0181711,284.4964245,284.8044922,284.8982734,284.7655047,284.4268116,,
530.38,283.4390507,284.0142425,284.4897584,284.7961004,284.8894034,284.7574441,284.4207024,,
531.75,283.4384738,284.0103658,284.4831799,284.7878178,284.8806476,284.7494861,284.4146701,,
533.12,283.4379005,284.0065124,284.4766402,284.7795831,284.8719412,284.741572,284.4086704,,
534.5,283.4373267,284.0026543,284.4700918,284.7713364,284.8632209,284.7336441,284.4026595,,
535.87,283.4367606,283.9988472,284.4636293,284.7631969,284.8546128,284.7258171,284.3967244,,
537.25,283.4361939,283.9950353,284.4571582,284.7550455,284.845991,284.7179767,284.3907784,,
538.62,283.4356349,283.9912738,284.4507719,284.7470001,284.8374801,284.7102361,284.3849075,,
539.99,283.4350794,283.9875349,284.4444232,284.7390011,284.8290173,284.7025383,284.3790682,,
541.37,283.4345233,283.9837912,284.4380659,284.7309904,284.820541,284.6948271,284.3732183,,
542.74,283.4339747,283.9800969,284.4317919,284.7230838,284.8121737,284.6872143,284.3674422,,
544.12,283.4334255,283.9763979,284.4255094,284.7151655,284.8037932,284.6795884,284.3616556,,
545.49,283.4328837,283.9727477,284.4193091,284.7073501,284.7955205,284.6720597,284.3559422,,
546.86,283.4323453,283.9691192,284.4131453,284.6995797,284.7872944,284.6645727,284.3502598,,
548.24,283.4318063,283.9654861,284.406973,284.6917979,284.7790553,284.6570728,284.344567,,
549.61,283.4312745,283.9619009,284.4008814,284.6841171,284.7709222,284.6496686,284.3389463,,
550.99,283.4307421,283.958311,284.3947815,284.6764249,284.7627762,284.6422518,284.3333154,,
552.36,283.4302169,283.9547683,284.3887614,284.6688326,284.754735,284.6349296,284.3277558,,
553.73,283.4296949,283.9512467,284.3827765,284.661284,284.7467392,284.6276479,284.3222265,,
555.11,283.4291723,283.9477205,284.3767833,284.6537242,284.7387307,284.6203539,284.3166872,,
556.48,283.4286567,283.9442407,284.3708685,284.6462625,284.7308253,284.613153,284.3112181,,
557.86,283.4281406,283.9407563,284.3649454,284.6387897,284.7229073,284.6059398,284.3057392,,