time (s),temp0,temp1,temp2,temp3,temp4,temp5,temp6,alpha value:,4.39E-05
,,,,,,,,,
0,340.5793409,321.604702,309.5373934,300.9665036,295.4627752,291.2753173,289.593559,,
1.37,339.1469046,322.3650089,309.920249,301.3031143,295.6065607,291.5504869,289.7777579,,
2.75,337.7503932,322.6972827,310.1011075,301.4581096,295.6763151,291.6762518,289.862455,,
4.12,336.4047716,322.9200585,310.2622507,301.5869565,295.7427718,291.7785324,289.9325343,,
5.49,335.0971705,323.0611428,310.423991,301.7084193,295.8137115,291.8725929,289.9980221,,
6.87,333.8164826,323.130864,310.5886026,301.827937,295.8897944,291.963034,290.0614168,,
8.24,332.5796179,323.1366526,310.751032,301.9454574,295.9689766,292.0500391,290.1221324,,
9.62,331.3670647,323.0864393,310.9104664,302.0635068,296.0515786,292.1356157,290.1809613,,
10.99,330.1951083,322.9879722,311.0617897,302.1807606,296.1358047,292.2189462,290.2368883,,
12.36,329.0536808,322.8472626,311.2039296,302.2981818,296.221822,292.3009214,290.2902189,,
13.73,327.9417131,322.6697303,311.3351811,302.4156735,296.3093235,292.3817112,290.3408793,,
15.11,326.8504059,322.4584681,311.4551417,302.5338472,296.398726,292.4620031,290.3891887,,
16.48,325.7946414,322.2206844,311.5612454,302.6506447,296.4885409,292.5407033,290.43447,,
17.86,324.7581197,321.9565607,311.6545375,302.7673611,296.5799089,292.6190041,290.4774409,,
19.23,323.7550324,321.6730871,311.7334281,302.881869,296.6713481,292.6957963,290.5175583,,
20.6,322.7769888,321.3711897,311.7986086,302.9945794,296.763364,292.7716648,290.5552388,,
21.97,321.8232433,321.053292,311.8502001,303.1050642,296.8558014,292.8466163,290.5905882,,
23.35,320.8863792,320.7190645,311.8886719,303.2136947,296.9491788,292.9211898,290.6239524,,
24.72,319.979289,320.3752539,311.9137953,303.3185192,297.0419787,292.994303,290.6549633,,
26.09,319.0944456,320.0211636,311.9262881,303.4199945,297.1347104,293.0664955,290.6839857,,
27.47,318.2249991,319.655608,311.9265449,303.5185167,297.2278782,293.138278,290.7113248,,
28.84,317.3829436,319.2852232,311.9150311,303.6123898,297.3199604,293.2086021,290.7366964,,
30.22,316.555397,318.9058088,311.8920717,303.7027507,297.4121284,293.2784844,290.7605803,,
31.59,315.7537898,318.5239333,311.8584978,303.7880939,297.5028773,293.3469003,290.7827343,,
32.96,314.971512,318.137822,311.8146816,303.8689281,297.5927127,293.4143461,290.8034365,,
34.34,314.202538,317.7454776,311.7606933,303.9456612,297.6821183,293.4812882,290.8229173,,
35.71,313.4575058,317.3533609,311.6978078,304.0170781,297.7696434,293.5467394,290.840984,,
37.08,312.7302887,316.959333,311.6261486,304.0836757,297.8557927,293.6111701,290.8578663,,
38.45,312.0204159,316.5640184,311.5461838,304.1454012,297.9404264,293.6745606,290.8736429,,
39.83,311.3224344,316.1650883,311.4576992,304.2026196,298.0240122,293.7373408,290.8884915,,
41.2,310.6460159,315.7688353,311.3624201,304.2544892,298.1052145,293.798579,290.9022655,,
42.58,309.9808512,315.3699405,311.259387,304.3017719,298.1851022,293.859146,290.9152306,,
43.95,309.3361635,314.9746014,311.1505046,304.3438022,298.2624109,293.9181406,290.9272579,,
45.32,308.706673,314.5802993,311.0354444,304.3809737,298.3376294,293.9759822,290.9384984,,
46.7,308.0875566,314.184509,310.9136809,304.41355,298.4111941,294.0330564,290.9490759,,
48.07,307.4874064,313.7932724,310.7873422,304.4411143,298.4819583,294.088512,290.9588825,,
49.44,306.9013155,313.4039898,310.6559125,304.4639842,298.5503917,294.1427436,290.9680385,,
50.81,306.3289275,313.0169079,310.5197221,304.4822313,298.6164305,294.1957283,290.9765813,,
52.19,305.7658638,312.6294502,310.3780445,304.4960174,298.6804741,294.2478164,290.9846004,,
53.56,305.2199466,312.2474324,310.2332362,304.5052272,298.7415456,294.2982312,290.9920101,,
54.94,304.6828743,311.865459,310.0834748,304.5100852,298.8004946,294.3476877,290.9989456,,
56.31,304.1621113,311.4892264,309.9312062,304.510614,298.8564322,294.3954492,291.0053306,,
57.68,303.6534112,311.1160985,309.7756195,304.5069605,298.9097667,294.4418602,291.0112381,,
59.06,303.1528892,310.7435141,309.615794,304.4991517,298.9608368,294.4872269,291.0167246,,
60.43,302.6675059,310.3769856,309.4542839,304.4874017,299.0088858,294.5308754,291.0217267,,
61.8,302.193308,310.0139002,309.2901663,304.4717705,299.0542825,294.5731244,291.0262995,,
63.17,301.7300195,309.6543445,309.1236549,304.4523609,299.097021,294.6139603,291.0304545,,
64.55,301.2741066,309.2958092,308.953714,304.4290946,299.1373828,294.653653,291.0342274,,
65.92,300.8319139,308.9435562,308.7830004,304.402413,299.1747861,294.6916164,291.0375715,,
67.3,300.3967278,308.5925001,308.6092084,304.3720319,299.209784,294.7283947,291.0405423,,
68.67,299.9746065,308.247776,308.4350318,304.3384956,299.2418804,294.7634467,291.0431016,,
70.04,299.5621192,307.9068657,308.2593828,304.3016991,299.2713529,294.7970374,291.0452762,,
71.42,299.1561232,307.5673552,308.0811222,304.2614413,299.2984054,294.8293902,291.0470803,,
72.79,298.762273,307.2341904,307.9029832,304.2184073,299.3226666,294.8600322,291.0484894,,
74.16,298.3773704,306.9049163,307.72382,304.1724166,299.3443649,294.8892001,291.0495185,,
75.54,297.998485,306.5771858,307.5424491,304.1232007,299.3636565,294.9170891,291.0501708,,
76.91,297.6308958,306.255757,307.361627,304.0715707,299.3802898,294.9432947,291.050436,,
78.28,297.2716205,305.9382446,307.1801627,304.0172758,299.3944435,294.9680251,291.0503187,,
79.66,296.9179255,305.622373,306.9968402,303.9599857,299.4062257,294.9914468,291.049812,,
81.03,296.5747408,305.3127154,306.814425,303.9006236,299.415499,295.0132233,291.0489206,,
82.4,296.2392844,305.0069602,306.6316927,303.8388742,299.4223923,295.033534,291.0476397,,
83.78,295.9090052,304.7029064,306.447404,303.7743506,299.4269661,295.0525165,291.0459524,,
85.15,295.5885088,304.4049458,306.2643221,303.7080753,299.4291915,295.0699017,291.04388,,
86.52,295.2751992,304.1108432,306.0811988,303.6396744,299.4291482,295.08584,291.0414081,,
87.9,294.9666948,303.8184738,305.89678,303.5687094,299.4268504,295.1004398,291.0385108,,
89.27,294.6672993,303.532052,305.7138162,303.4962908,299.4223712,295.1134987,291.0352264,,
90.65,294.3724767,303.2473716,305.5297107,303.4214421,299.4156862,295.1252171,291.0315031,,
92.02,294.0863407,302.9685315,305.3472012,303.3453261,299.4069332,295.1354359,291.0273914,,
93.39,293.8065764,302.6934267,305.1650179,303.2674829,299.3961128,295.1442565,291.0228622,,
94.77,293.531059,302.4200599,304.9818968,303.1874,299.3831653,295.1517399,291.0178742,,
96.14,293.2636342,302.1523612,304.80055,303.1063106,299.3683205,295.1577905,291.0124964,,
97.52,293.0002527,301.8863896,304.6183857,303.0231019,299.351404,295.16251,291.0066469,,
98.89,292.7445912,301.6259658,304.4380954,302.9390484,299.3327034,295.1658438,291.0004075,,
100.26,292.4945838,301.3691142,304.2584054,302.8536191,299.3121449,295.1678454,290.9937343,,
101.64,292.2483335,301.1139632,304.0780569,302.7662407,299.2896007,295.1685298,290.9865712,,
103.01,292.0092789,300.8641738,303.8997063,302.6782427,299.2654396,295.1679024,290.9790194,,
104.38,291.7754897,300.6178471,303.7220843,302.5890577,299.2395464,295.1659886,290.9710265,,
105.76,291.5451924,300.3731846,303.5439405,302.4980817,299.211755,295.1627766,290.9625271,,
107.13,291.3216042,300.1336937,303.3678917,302.4066914,299.1825098,295.1583294,290.9536426,,
108.5,291.1029206,299.8975502,303.1926772,302.3142873,299.1516564,295.1526451,290.9443115,,
109.88,290.8874837,299.6630273,303.0170582,302.220239,299.1189929,295.1456858,290.9344596,,
111.25,290.6783036,299.4334844,302.8436085,302.1259625,299.0850333,295.1375698,290.9242284,,
112.63,290.4722165,299.20553,302.6698231,302.0301335,299.0493221,295.1281964,290.913468,,
114,290.2721025,298.9824277,302.4982456,301.9341907,299.0124167,295.1177191,290.9023337,,
115.37,290.0763484,298.7624738,302.3276361,301.8374909,298.9741025,295.1060924,290.8907491,,
116.75,289.8834711,298.5440569,302.1567815,301.7393671,298.9341234,295.0932369,290.8786245,,
118.12,289.6961669,298.3303018,301.9881777,301.6412869,298.8930971,295.0793573,290.8661361,,
119.5,289.5116041,298.1180474,301.8193818,301.541863,298.8504627,295.0642695,290.853102,,
120.87,289.3323631,297.9103294,301.6528568,301.4425789,298.8068752,295.0482106,290.839712,,
122.24,289.1570006,297.7055588,301.487391,301.3427574,298.7620669,295.0310938,290.8258744,,
123.61,288.9854274,297.5036957,301.3229984,301.2424382,298.7160737,295.0129376,290.8115904,,
124.99,288.8163445,297.3032582,301.1585037,301.1409227,298.6685826,294.9936168,290.7967524,,
126.36,288.6521171,297.1071115,300.9963023,301.0397195,298.620317,294.97343,290.7815773,,
127.74,288.4902635,296.912352,300.8340371,300.9373878,298.570607,294.9521015,290.7658456,,
129.11,288.333048,296.7217631,300.6740688,300.8354457,298.5202069,294.9299589,290.7497875,,
130.48,288.1792061,296.5338843,300.515226,300.7331866,298.4687934,294.9068698,290.7332932,,
131.86,288.0275738,296.3473349,300.3563688,300.6298937,298.4160131,294.8826739,290.7162401,,
133.23,287.880273,296.16478,300.1998059,300.5270956,298.362663,294.8577406,290.6988782,,
134.61,287.7350789,295.9835159,300.0432574,300.4233223,298.3079962,294.8317243,290.6809574,,
135.98,287.5940236,295.8061317,299.8889967,300.3201075,298.2528357,294.8050206,290.6627405,,
137.35,287.4559737,295.6312671,299.735889,300.2167283,298.1968191,294.7774622,290.6441027,,
138.73,287.3198853,295.4576357,299.5828325,300.1124558,298.1395579,294.748857,290.6249071,,
140.1,287.1876637,295.2877171,299.4320479,300.008828,298.0819113,294.7196377,290.6054356,,
141.48,287.0573127,295.1189939,299.2813355,299.9043578,298.0230666,294.6893957,290.5854081,,
142.85,286.9306574,294.953875,299.1328808,299.8005841,297.9639047,294.6585872,290.565119,,
144.22,286.8066811,294.7910937,298.9855879,299.6967737,297.9040292,294.6270136,290.5444288,,
145.6,286.684447,294.6294518,298.8383941,299.5921917,297.8430224,294.5944537,290.5231866,,
146.97,286.5656672,294.4712568,298.693432,299.4883759,297.7817947,294.5613967,290.5017049,,
148.34,286.4493886,294.3152947,298.5496297,299.3845897,297.7199322,294.5276267,290.4798359,,
149.72,286.334733,294.1604173,298.4059485,299.2800965,297.6570019,294.4929064,290.4574204,,
151.09,286.2233067,294.0088353,298.2644685,299.1764305,297.5939403,294.457756,290.4347884,,
152.46,286.1142163,293.8593854,298.1241419,299.0728533,297.5303178,294.4219431,290.4117838,,
153.84,286.0066379,293.7109667,297.9839538,298.9686282,297.4656876,294.3852157,290.3882397,,
155.21,285.9020792,293.565698,297.8459328,298.8652834,297.4010095,294.3481225,290.3645026,,
156.59,285.798963,293.4214259,297.70806,298.7613274,297.3353621,294.3101385,290.3402314,,
157.96,285.6987345,293.2802098,297.5723295,298.6582829,297.2697188,294.27183,290.3157832,,
159.33,285.6005911,293.1409657,297.4377337,298.5554119,297.2036273,294.2329399,290.2909889,,
160.71,285.5037919,293.0026679,297.3032977,298.4519804,297.1366213,294.1931937,290.2656692,,
162.08,285.4096941,292.8672902,297.170965,298.3495019,297.0696926,294.153183,290.2401968,,
163.45,285.3175444,292.7337936,297.0397518,298.24724,297.0023772,294.1126368,290.214395,,
164.83,285.2266477,292.6011946,296.9087073,298.1444639,296.9341993,294.0712686,290.1880776,,
166.2,285.1382787,292.4713857,296.7797247,298.0426761,296.866166,294.0296928,290.1616319,,
167.58,285.0511053,292.3424428,296.6509151,297.9404029,296.7973033,293.9873173,290.1346775,,
168.95,284.9663501,292.2162064,296.5241389,297.8391382,296.7286273,293.9447708,290.1076109,,
170.32,284.8833354,292.0917078,296.3984526,297.7381511,296.659658,293.901762,290.0802439,,
171.7,284.8014353,291.9680296,296.2729438,297.6367184,296.5899062,293.8579862,290.0523793,,
173.07,284.7217989,291.8469372,296.1494249,297.5363204,296.5203998,293.8140918,290.0244267,,
174.45,284.6432262,291.7266358,296.0260856,297.4355013,296.4501408,293.7694517,289.9959842,,
175.82,284.5668197,291.6088426,295.9047065,297.3357317,296.3801636,293.7247263,289.9674699,,
177.19,284.4919691,291.4926541,295.7843827,297.2362888,296.3099757,293.679607,289.9386847,,
178.57,284.4181104,291.3772141,295.6642401,297.1364589,296.2390778,293.6337731,289.9094213,,
179.94,284.3462802,291.2641705,295.5460126,297.037697,296.1685124,293.5879019,289.8801099,,
181.31,284.2759052,291.1526564,295.4288182,296.9392862,296.0977809,293.5416751,289.8505454,,
182.69,284.2064551,291.0418502,295.3118051,296.8405194,296.0263795,293.494764,289.820515,,
184.06,284.1389051,290.9333337,295.1966616,296.7428352,295.955357,293.4478608,289.79046,,
185.44,284.072238,290.8254989,295.0816988,296.6448143,295.88369,293.4002928,289.7599475,,
186.81,284.0073901,290.7198853,294.968575,296.5478835,295.8124303,293.3527614,289.7294258,,
188.18,283.9438441,290.6156836,294.8564456,296.4513373,295.7410719,293.3049347,289.6986803,,
189.56,283.8811217,290.5121259,294.744495,296.3544809,295.6691051,293.2564717,289.66749,,
190.93,283.8201038,290.4106909,294.6343378,296.2587234,295.5975853,293.2080862,289.636313,,
192.3,283.7603043,290.3106015,294.525151,296.1633667,295.5260029,293.1594391,289.6049296,,
193.68,283.701273,290.2111202,294.4161402,296.067724,295.4538462,293.1101832,289.5731143,,
195.05,283.6438394,290.1136677,294.3088773,295.973186,295.3821722,293.0610433,289.5413341,,
196.43,283.5871393,290.0168004,294.201788,295.8783769,295.3099456,293.0113125,289.5091306,,
197.8,283.5319694,289.9219016,294.0964162,295.7846748,295.2382237,292.9617219,289.4769763,,
199.17,283.4778907,289.8282449,293.9919745,295.6913949,295.1664933,292.9119221,289.4446441,,
200.55,283.4244963,289.7351402,293.8877024,295.5978646,295.0942409,292.8615572,289.4119017,,
201.92,283.3725368,289.6439174,293.785103,295.5054428,295.0225234,292.811367,289.3792291,,
203.3,283.3212308,289.5532256,293.6826702,295.4127832,294.9503033,292.7606284,289.3461548,,
204.67,283.2712995,289.4643602,293.5818804,295.3212318,294.8786364,292.7100862,289.3131638,,
206.04,283.222346,289.3766414,293.4819799,295.2301181,294.8070082,292.6593826,289.2800222,,
207.42,283.1740022,289.289423,293.3822412,295.1387844,294.7349051,292.6081547,289.246492,,
208.79,283.1269481,289.2039514,293.2841015,295.0485566,294.6633803,292.557154,289.2130642,,
210.16,283.0808097,289.1195727,293.1868269,294.9587735,294.5919194,292.5060184,289.1795018,,
211.54,283.0352404,289.0356657,293.0897087,294.8687863,294.5200094,292.4543818,289.1455634,,
212.91,282.9908812,288.9534293,292.9941464,294.7799011,294.4487003,292.4030009,289.1117462,,
214.29,282.9470654,288.8716462,292.8987368,294.6908218,294.3769584,292.3511339,289.0775614,,
215.66,282.9044096,288.7914851,292.8048547,294.6028409,294.3058309,292.2995406,289.0435097,,
217.03,282.8625752,288.7123334,292.7117978,294.5153124,294.2348046,292.2478534,289.0093486,,
218.41,282.8212481,288.6336085,292.6188878,294.4276035,294.1633689,292.1957016,288.9748325,,
219.78,282.7810098,288.5564357,292.5274634,294.3409864,294.0925657,292.1438488,288.9404666,,
221.15,282.7415413,288.4802255,292.4368407,294.2548246,294.0218835,292.0919246,288.9060058,,
222.53,282.7025463,288.404417,292.346359,294.168495,293.9508139,292.0395567,288.8712024,,
223.9,282.6645738,288.330094,292.257322,294.0832491,293.8803928,291.987511,288.8365655,,
225.27,282.6273228,288.2566892,292.1690634,293.9984602,293.8101106,291.9354152,288.8018476,,
226.65,282.5905139,288.1836624,292.0809399,293.9135147,293.7394616,291.8828954,288.7667993,,
228.02,282.5546653,288.1120577,291.9942211,293.829644,293.669475,291.8307194,288.7319327,,
229.4,282.519239,288.0408158,291.9076332,293.7456236,293.5991346,291.7781321,288.6967436,,
230.77,282.4847339,287.9709556,291.8224238,293.6626714,293.5294649,291.725902,288.6617461,,
232.14,282.4508768,287.9019441,291.7379551,293.5801765,293.4599604,291.6736544,288.6266899,,
233.52,282.417414,287.8332738,291.6536114,293.4975418,293.3901206,291.6210138,288.5913227,,
234.89,282.3848168,287.7659269,291.5706077,293.4159644,293.3209623,291.5687492,288.5561613,,
236.26,282.3528275,287.69939,291.4883228,293.3348435,293.2519831,291.5164848,288.5209536,,
237.64,282.3212062,287.6331736,291.4061568,293.2535915,293.1826859,291.463845,288.4854463,,
239.01,282.2903987,287.5682252,291.3252933,293.1733853,293.1140792,291.4115983,288.4501579,,
240.39,282.2599428,287.5035843,291.2445447,293.0930534,293.0451654,291.3589874,288.4145772,,
241.76,282.2302678,287.4401759,291.1650741,293.0137593,292.9769473,291.3067801,288.3792239,,
243.13,282.2011394,287.377517,291.0862869,292.9349183,292.9089285,291.2546004,288.343844,,
244.51,282.1723393,287.3151469,291.0076086,292.8559592,292.8406183,291.2020726,288.3081827,,
245.88,282.1442736,287.2539583,290.9301725,292.7780252,292.7730103,291.1499632,288.2727605,,
247.25,282.1167209,287.1934853,290.8533993,292.7005416,292.7056119,291.097896,288.2373228,,
248.63,282.0894747,287.1332835,290.7767291,292.6229466,292.6379369,291.0454964,288.2016142,,
250,282.0629196,287.0742147,290.7012663,292.5463636,292.570969,290.9935284,288.1661559,,
251.38,282.0366573,287.0154057,290.6259027,292.4696735,292.5037338,290.9412378,288.1304336,,
252.75,282.0110586,286.9576985,290.5517238,292.3939864,292.4372086,290.8893869,288.0949684,,
254.12,281.9859215,286.9006543,290.4781747,292.3187437,292.3709079,290.8376008,288.0595048,,
255.5,281.961058,286.843854,290.4047191,292.2433996,292.3043531,290.7855064,288.0237873,,
256.87,281.936819,286.7881108,290.332415,292.1690447,292.2385113,290.7338628,287.9883366,,
258.24,281.9130136,286.7330012,290.2607218,292.09513,292.1729017,290.6822963,287.9528972,,
259.62,281.8894636,286.6781202,290.1891163,292.0211193,292.1070504,290.6304351,287.9172136,,
260.99,281.8665017,286.6242538,290.1186304,291.9480836,292.041914,290.5790347,287.8818058,,
262.37,281.8437839,286.5706064,290.0482286,291.8749552,291.9765438,290.5273483,287.8461602,,
263.74,281.8216311,286.5179465,289.9789254,291.8027922,291.9118892,290.4761287,287.8107961,,
265.11,281.799869,286.4658742,289.9102023,291.7310616,291.8474775,290.4250045,287.775458,,
266.49,281.7783349,286.414007,289.8415582,291.6592427,291.7828432,290.373607,287.7398911,,
267.86,281.757333,286.3630882,289.773982,291.5883748,291.7189248,290.3226843,287.7046137,,
269.23,281.7366983,286.3127313,289.7069684,291.5179341,291.6552547,290.2718668,287.6693706,,
270.61,281.7162766,286.2625665,289.6400286,291.4474094,291.5913725,290.220788,287.6339075,,
271.98,281.6963565,286.2133128,289.5741271,291.3778209,291.5282056,290.1701912,287.598741,,
273.36,281.6766399,286.164243,289.508296,291.3081508,291.4648333,290.1193407,287.5633603,,
274.73,281.6574055,286.1160603,289.443484,291.2394072,291.4021754,290.0689763,287.5282807,,
276.1,281.6385024,286.0683996,289.3792064,291.1710816,291.339773,290.0187319,287.4932479,,
277.48,281.6197894,286.020911,289.3149945,291.1026781,291.2771748,289.9682449,287.4580093,,
278.85,281.6015311,285.9742752,289.2517734,291.0351861,291.2152891,289.9182495,287.4230779,,
280.22,281.5835843,285.928139,289.1890706,290.9681064,291.1536624,289.8683821,287.3882003,,
281.6,281.5658151,285.8821637,289.1264289,290.9009521,291.0918488,289.8182825,287.3531249,,
282.97,281.5484748,285.8370086,289.0647507,290.8346943,291.0307451,289.7686792,287.3183621,,
284.35,281.5313042,285.7920073,289.0031306,290.7683639,290.9694601,289.7188505,287.2834066,,
285.72,281.5145463,285.7478053,288.9424563,290.7029201,290.908883,289.6695208,287.2487672,,
287.09,281.4980697,285.7040679,288.8822746,290.6378788,290.8485693,289.6203307,287.2141923,,
288.47,281.4817517,285.6604743,288.8221465,290.5727676,290.7880825,289.5709248,287.1794322,,
289.84,281.4658231,285.6176498,288.7629385,290.5085281,290.7282999,289.5220213,287.1449927,,
291.21,281.4501594,285.5752704,288.7042083,290.444685,290.6687827,289.4732636,287.1106235,,
292.59,281.4346438,285.5330254,288.6455274,290.3807746,290.6091,289.4242993,287.0760764,,
293.96,281.4194959,285.4915206,288.5877417,290.317721,290.5501172,289.3758399,287.0418539,,
295.33,281.4045974,285.4504424,288.5304195,290.2550577,290.4914014,289.3275319,287.0077071,,
296.71,281.3898372,285.4094896,288.4731427,290.1923294,290.4325273,289.2790262,286.9733893,,
298.08,281.3754244,285.3692497,288.4167368,290.1304431,290.3743485,289.2310273,286.9393996,,
299.46,281.3611438,285.3291295,288.3603737,290.0684933,290.316016,289.1828362,286.9052435,,
300.83,281.3471977,285.2897048,288.3048659,290.0073758,290.2583753,289.135153,286.8714174,,
302.2,281.3334772,285.2506777,288.2497987,289.9466381,290.2010031,289.0876292,286.8376753,,
303.58,281.3198802,285.2117621,288.1947707,289.8858388,290.1434837,289.0399214,286.8037732,,
304.95,281.3065994,285.1735167,288.140575,289.8258572,290.0866508,288.9927223,286.770204,,
306.32,281.2935312,285.1356527,288.086807,289.7662491,290.0300867,288.9456869,286.736723,,
307.7,281.2805784,285.0978927,288.0330746,289.7065814,289.9733815,288.8984751,286.7030883,,
309.07,281.2679245,285.0607787,287.9801523,289.6477167,289.917357,288.8517723,286.6697887,,
310.44,281.255471,285.0240308,287.927645,289.5892193,289.8616014,288.805237,286.6365814,,
311.82,281.2431253,284.9873796,287.87517,289.530664,289.8057105,288.7585326,286.6032264,,
313.19,281.2310624,284.9513515,287.8234837,289.4728973,289.7504943,288.712337,286.5702083,,
314.57,281.2191025,284.9154157,287.7718275,289.4150739,289.6951464,288.6659769,286.5370463,,
315.94,281.2074153,284.8800881,287.720946,289.3580296,289.640469,288.6201253,286.5042222,,
317.31,281.1959097,284.8451025,287.6704595,289.3013421,289.5860597,288.5744465,286.4714966,,
318.69,281.1845003,284.8102027,287.62,289.2445993,289.531524,288.52861,286.4386326,,
320.06,281.1733489,284.7758899,287.570295,289.1886214,289.4776522,288.4832809,286.4061076,,
321.43,281.162369,284.7419057,287.5209735,289.1329941,289.4240478,288.4381273,286.3736843,,
322.81,281.1514789,284.7080011,287.471676,289.0773129,289.370322,288.3928224,286.3411281,,
324.18,281.1408333,284.6746632,287.4231134,289.0223827,289.3172531,288.3480234,286.3089116,,
325.56,281.1302735,284.6414012,287.3745728,288.9673996,289.2640661,288.3030772,286.2765657,,
326.93,281.1199494,284.6086928,287.3267543,288.9131583,289.2115314,288.2586359,286.24456,,
328.3,281.109781,284.576292,287.2793012,288.8592571,289.1592622,288.2143736,286.2126606,,
329.68,281.0996928,284.5439614,287.2318675,288.8053041,289.1068793,288.16997,286.1806367,,
331.05,281.089828,284.5121658,287.1851371,288.7520793,289.0551415,288.1260691,286.1489533,,
332.42,281.0801103,284.4806658,287.1387618,288.6991885,289.0036678,288.0823491,286.1173786,,
333.8,281.0704674,284.449231,287.0924033,288.6462471,288.9520847,288.0384934,286.0856841,,
335.17,281.0610363,284.4183132,287.0467302,288.5940203,288.9011394,287.9951379,286.05433,,
336.54,281.0517442,284.3876798,287.0014019,288.5421214,288.8504565,287.9519648,286.0230869,,
337.92,281.0425219,284.3571066,286.9560882,288.4901731,288.7996683,287.9086612,285.9917286,,
339.29,281.0335007,284.3270333,286.9114424,288.4389261,288.7495104,287.8658552,285.9607103,,
340.67,281.0245462,284.2970172,286.8668095,288.3876304,288.6992497,287.8229222,285.9295798,,
342.04,281.0157859,284.2674898,286.8228333,288.3370273,288.6496142,287.7804847,285.8987889,,
343.41,281.0071519,284.2382293,286.7791859,288.286742,288.6002381,287.7382312,285.8681121,,
344.79,280.9985803,284.2090217,286.7355492,288.236409,288.5507629,287.6958557,285.8373273,,
346.16,280.990193,284.1802869,286.6925527,288.1867556,288.5019052,287.6539725,285.8068813,,
347.53,280.9819251,284.1518091,286.6498758,288.1374141,288.4533047,287.612274,285.776551,,
348.91,280.9737155,284.1233801,286.6072077,288.0880258,288.4046088,287.5704581,285.7461168,,
350.28,280.9656809,284.0954087,286.5651636,288.0393044,288.3565225,287.529131,285.7160203,,
351.66,280.957702,284.0674834,286.5231269,287.9905368,288.308343,287.4876895,285.6858225,,
353.03,280.9498922,284.0400059,286.4817039,287.9424277,288.2607678,287.4467344,285.6559615,,
354.4,280.9421914,284.01277,286.440586,287.8946208,288.2134462,287.4059646,285.6262185,,
355.78,280.9345424,283.9855766,286.3994737,287.8467685,288.1660346,287.3650848,285.596378,,
357.15,280.9270543,283.9588168,286.3589598,287.7995624,288.1192194,287.3246873,285.5668728,,
358.52,280.9196693,283.9322899,286.3187428,287.7526527,288.0726552,287.2844754,285.5374867,,
359.9,280.9123328,283.9058019,286.2785294,287.7056984,288.0260042,287.2441576,285.5080067,,
361.27,280.9051492,283.8797341,286.2389,287.6593782,287.9799416,287.204318,285.4788604,,
362.64,280.8980633,283.8538909,286.1995592,287.6133487,287.9341276,287.1646639,285.4498341,,
364.02,280.8910226,283.8280835,286.1602206,287.5672754,287.8882296,287.1249078,285.4207173,,
365.39,280.8841274,283.8026831,286.1214515,287.5218241,287.842912,287.0856257,285.3919324,,
366.76,280.8773247,283.7774995,286.0829635,287.4766581,287.7978404,287.0465287,285.3632681,,
368.14,280.8705643,283.7523486,286.0444759,287.431449,287.7526875,287.0073335,285.3345168,,
369.51,280.8639424,283.7275923,286.0065442,287.3868501,287.708107,286.9686078,285.3060953,,
370.89,280.8573607,283.7028669,285.968612,287.3422086,287.6634471,286.9297863,285.2775889,,
372.26,280.8509132,283.6785281,285.9312267,287.2981697,287.6193541,286.8914313,285.2494108,,
373.63,280.8445504,283.6543936,285.89411,287.254407,287.5755026,286.8532606,285.2213542,,
375.01,280.8382251,283.6302872,285.8569914,287.2106023,287.5315742,286.8149975,285.1932159,,
376.38,280.8320276,283.6065558,285.8204066,287.1673887,287.4882046,286.7771962,285.1654035,,
377.75,280.8259103,283.5830218,285.7840833,287.1244461,287.4450738,286.7395787,285.137713,,
379.13,280.8198281,283.5595133,285.7477568,287.0814621,287.4018685,286.7018719,285.1099437,,
380.5,280.8138677,283.5363688,285.7119514,287.0390581,287.359214,286.6646222,285.0824979,,
381.88,280.8079408,283.5132481,285.6761421,286.9966132,287.3164867,286.6272854,285.0549752,,
383.25,280.802132,283.4904842,285.6408456,286.9547408,287.2743047,286.5904024,285.0277744,,
384.62,280.7963966,283.4679067,285.6057992,286.9131307,287.2323567,286.5537016,285.0006957,,
386,280.7906925,283.4453508,285.5707478,286.8714804,287.190338,286.5169168,284.9735427,,
387.37,280.785101,283.4231413,285.5361971,286.8303918,287.1488567,286.4805807,284.9467091,,
388.74,280.7795793,283.401112,285.5018901,286.7895603,287.1076064,286.4444259,284.9199975,,
390.12,280.7740868,283.3791022,285.467577,286.7486893,287.0662876,286.4081899,284.8932143,,
391.49,280.7687017,283.3574288,285.4337529,286.7083692,287.0254982,286.3723977,284.8667476,,
392.87,280.7633444,283.3357735,285.3999219,286.6680098,286.9846416,286.3365262,284.8402109,,
394.24,280.7580913,283.3144481,285.3665724,286.6281945,286.944309,286.3010949,284.8139889,,
395.61,280.7529024,283.2932934,285.3334563,286.5886282,286.9042025,286.2658429,284.7878887,,
396.99,280.7477394,283.2721548,285.3003323,286.5490232,286.8640309,286.2305143,284.7617211,,
398.36,280.7426759,283.2513368,285.2676787,286.5099518,286.8243754,286.1956208,284.735865,,
399.73,280.7376735,283.230684,285.2352525,286.4711247,286.7849429,286.1609051,284.7101305,,
401.11,280.7326951,283.2100455,285.2028177,286.4322594,286.7454472,286.1261156,284.6843309,,
402.48,280.727812,283.1897187,285.1708424,286.3939176,286.7064597,286.0917557,284.6588399,,
403.85,280.7229868,283.1695517,285.1390888,286.3558154,286.6676922,286.0575725,284.63347,,
405.23,280.7181841,283.1493975,285.1073257,286.3176755,286.6288633,286.0233177,284.6080373,,
406.6,280.7134725,283.1295463,285.0760116,286.2800492,286.5905347,285.9894873,284.58291,,
407.98,280.7087823,283.1097067,285.0446875,286.2423857,286.5521458,285.955587,284.5577213,,
409.35,280.7041805,283.0901647,285.0138056,286.2052293,286.514252,285.9221076,284.5328361,,
410.72,280.6996322,283.0707743,284.9831363,286.1683046,286.4765732,285.8888022,284.5080711,,
412.1,280.6951038,283.051394,284.9524563,286.1313433,286.4388359,285.8554292,284.4832468,,
413.47,280.69066,283.0323032,284.9222085,286.0948794,286.4015858,285.8224716,284.4587227,,
414.84,280.6862672,283.0133592,284.8921681,286.0586428,286.3645478,285.7896865,284.4343182,,
416.22,280.6818928,282.9944241,284.8621163,286.02237,286.3274528,285.756836,284.4098564,,
417.59,280.6775996,282.9757705,284.832487,285.9865852,286.2908374,285.7243955,284.3856915,,
418.96,280.6733548,282.9572595,284.80306,285.9510234,286.254431,285.6921259,284.3616456,,
420.34,280.6691273,282.9387559,284.773621,285.9154258,286.2179692,285.6597928,284.3375442,,
421.71,280.6649775,282.9205264,284.744595,285.880307,286.1819794,285.6278644,284.3137365,,
423.09,280.6608442,282.9023036,284.7155568,285.8451529,286.145935,285.5958739,284.2898745,,
424.46,280.6567865,282.8843501,284.6869254,285.8104714,286.1103577,285.5642845,284.2663038,,
425.83,280.6527735,282.866532,284.6584883,285.7760057,286.0749842,285.532863,284.2428509,,
427.21,280.6487757,282.8487194,284.6300382,285.7415052,286.0395578,285.5013814,284.2193456,,
428.58,280.6448505,282.831169,284.6019861,285.7074683,286.0045908,285.4702953,284.1961282,,
429.95,280.6409681,282.8137501,284.5741235,285.6736431,285.9698247,285.4393755,284.1730276,,
431.33,280.6370998,282.7963355,284.5462476,285.6397835,285.935007,285.4083974,284.1498764,,
432.7,280.633301,282.7791765,284.5187609,285.6063789,285.9006413,285.3778093,284.1270096,,
434.07,280.6295431,282.762145,284.4914592,285.5731817,285.8664735,285.3473857,284.1042588,,
435.45,280.6257984,282.7451169,284.4641437,285.5399506,285.8322554,285.3169056,284.081459,,
436.82,280.6221204,282.7283377,284.4372089,285.5071659,285.798482,285.2868102,284.0589401,,
438.19,280.6184815,282.7116825,284.4104547,285.4745847,285.7649035,285.2568773,284.0365364,,
439.57,280.6148547,282.6950297,284.3836864,285.4419701,285.7312759,285.2268896,284.0140851,,
440.94,280.6112922,282.6786195,284.3572905,285.4097934,285.6980858,285.1972811,283.9919113,,
442.31,280.6077668,282.6623297,284.331071,285.3778162,285.6650876,285.1678333,283.9698516,,
443.69,280.6042529,282.6460415,284.304837,285.3458061,285.6320416,285.1383324,283.9477459,,
445.06,280.6008006,282.6299898,284.2789674,285.3142256,285.5994257,285.1092052,283.9259142,,
446.44,280.5973591,282.6139391,284.2530831,285.2826125,285.5667629,285.0800259,283.9040374,,
447.81,280.5939778,282.5981211,284.2275579,285.2514236,285.5345255,285.0512168,283.8824323,,
449.18,280.590631,282.5824178,284.2022023,285.2204279,285.5024751,285.0225652,283.8609396,,
450.56,280.5872942,282.5667148,284.1768317,285.1894,285.470379,284.993863,283.8394032,,
451.93,280.5840152,282.5512386,284.1518125,285.1587883,285.4387011,284.9655255,283.8181349,,
453.3,280.5807694,282.535874,284.126959,285.1283661,285.4072074,284.9373436,283.7969779,,
454.68,280.5775327,282.5205089,284.1020903,285.0979122,285.375669,284.9091127,283.7757786,,
456.05,280.5743518,282.5053652,284.0775655,285.0678666,285.3445419,284.8812411,283.7548439,,
457.43,280.5711797,282.4902206,284.0530254,285.0377896,285.3133709,284.8533213,283.7338677,,
458.8,280.5680618,282.4752936,284.0288242,285.0081158,285.2826067,284.8257573,283.7131537,,
460.17,280.5649747,282.4604732,284.0047825,284.9786254,285.2520217,284.7983457,283.6925492,,
461.55,280.5618958,282.4456513,283.9807253,284.9491041,285.2213939,284.7708872,283.6719044,,
462.92,280.5588691,282.4310418,283.9569999,284.9199784,285.191166,284.7437793,283.6515183,,
464.29,280.555872,282.4165359,283.9334303,284.8910326,285.1611145,284.7168216,283.6312405,,
465.67,280.5528823,282.4020281,283.9098449,284.8620562,285.1310212,284.6898185,283.6109237,,
467.04,280.5499431,282.3877275,283.8865845,284.833468,285.101321,284.6631606,283.590862,,
468.41,280.5470322,282.3735278,283.8634764,284.8050564,285.0717945,284.636651,283.5709074,,
469.79,280.5441282,282.3593256,283.8403523,284.7766145,285.0422271,284.6100972,283.5509149,,
471.16,280.5412728,282.3453257,283.8175464,284.7485536,285.0130463,284.5838833,283.5311741,,
472.53,280.5384445,282.3314241,283.7948893,284.7206658,284.9840362,284.5578158,283.5115391,,
473.91,280.5356227,282.3175194,283.7722163,284.6927483,284.9549862,284.5317053,283.4918674,,
475.28,280.5328477,282.3038123,283.7498547,284.6652045,284.9263163,284.5059295,283.4724437,,
476.66,280.5300789,282.2901019,283.7274771,284.6376314,284.8976069,284.4801115,283.4529841,,
478.03,280.5273558,282.2765861,283.7054066,284.6104273,284.8692734,284.4546248,283.4337701,,
479.4,280.5246581,282.2631642,283.6834795,284.5833908,284.841106,284.4292811,283.4146599,,
480.78,280.5219659,282.2497385,283.6615363,284.5563253,284.8129002,284.4038964,283.3955149,,
482.15,280.5193181,282.2365029,283.6398939,284.5296221,284.7850637,284.3788378,283.3766119,,
483.52,280.5166945,282.2233588,283.6183917,284.5030832,284.7573907,284.3539202,283.3578116,,
484.9,280.5140761,282.2102106,283.5968733,284.4765157,284.7296801,284.3289626,283.3389774,,
486.27,280.5115004,282.197248,283.5756495,284.4503036,284.7023325,284.3043261,283.3203818,,
487.64,280.5089481,282.1843747,283.554563,284.4242528,284.6751457,284.2798286,283.3018875,,
489.02,280.5064006,282.1714969,283.5334601,284.3981738,284.6479222,284.2552922,283.2833603,,
490.39,280.5038943,282.1588004,283.5126459,284.3724436,284.6210555,284.2310718,283.2650683,,
491.76,280.5014105,282.146191,283.4919658,284.3468715,284.5943469,284.2069885,283.2468763,,
493.14,280.4989311,282.1335767,283.4712694,284.3212717,284.5676024,284.1828672,283.2286523,,
494.51,280.4964916,282.1211397,283.4508558,284.2960142,284.5412086,284.159057,283.21066,,
495.89,280.4940562,282.1086976,283.4304259,284.2707292,284.5147794,284.1352095,283.1926363,,
497.26,280.4916599,282.0964302,283.4102748,284.2457821,284.4886968,284.1116697,283.174842,,
498.63,280.4892847,282.0842461,283.3902531,284.2209883,284.4627681,284.0882637,283.1571456,,
500.01,280.4869132,282.0720568,283.3702151,284.1961674,284.4368046,284.0648214,283.1394187,,
501.38,280.4845795,282.0600382,283.3504504,284.1716781,284.411182,284.0416818,283.1219177,,
502.75,280.4822661,282.0481009,283.3308122,284.1473391,284.3857105,284.0186741,283.1045135,,
504.13,280.4799561,282.0361581,283.3111578,284.1229735,284.3602051,283.995631,283.0870795,,
505.5,280.4776828,282.0243821,283.2917711,284.0989334,284.3350345,283.9728858,283.0698681,,
506.87,280.475429,282.0126855,283.2725083,284.0750407,284.3100126,283.9502705,283.0527521,,
508.25,280.4731783,282.0009832,283.2532292,284.0511217,284.2849575,283.9276207,283.0356072,,
509.62,280.4709631,281.9894441,283.2342125,284.0275221,284.2602315,283.905264,283.0186814,,
511,280.4687508,281.977899,283.2151796,284.0038966,284.2354728,283.8828734,283.0017273,,
512.37,280.4665732,281.9665147,283.1964055,283.9805864,284.2110393,283.8607727,282.9849901,,
513.74,280.464414,281.9552067,283.1777509,283.9574192,284.1867504,283.8387987,282.9683462,,
515.12,280.4622575,281.9438926,283.1590802,283.9342262,284.1624294,283.8167916,282.9516747,,
516.49,280.4601346,281.9327357,283.1406631,283.9113429,284.138428,283.7950698,282.9352168,,
517.86,280.4580294,281.9216532,283.122363,283.8885997,284.1145687,283.7734726,282.9188508,,